approach,Number of groups,RMSE,AUC
Baseline,256,0.5016223219437707,0.5851681365965492
Approach 1,41,0.4876880719525889,0.6357992797201003
Approach 2,15,0.48821004692818365,0.631069256366607
Approach 3,47,0.48979543760065813,0.6262987707337103
